,code,seq_pos,ddg,pdb,count
461,2PTLA-A22G,21,2.43,2PTLA,68
462,2PTLA-A27P,26,-0.1,2PTLA,68
463,2PTLA-A27V,26,0.83,2PTLA,68
464,2PTLA-A34G,33,2.17,2PTLA,68
465,2PTLA-A34V,33,-1.47,2PTLA,68
466,2PTLA-A43G,42,2.54,2PTLA,68
467,2PTLA-A47G,46,3.1,2PTLA,68
468,2PTLA-A49G,48,1.32,2PTLA,68
469,2PTLA-A51G,50,3.12,2PTLA,68
470,2PTLA-A66G,65,0.49,2PTLA,68
471,2PTLA-D52A,51,1.21,2PTLA,68
472,2PTLA-D52G,51,2.14,2PTLA,68
473,2PTLA-D64A,63,0.2,2PTLA,68
474,2PTLA-E35A,34,0.59,2PTLA,68
475,2PTLA-E46G,45,1.19,2PTLA,68
476,2PTLA-E46I,45,1.08,2PTLA,68
477,2PTLA-E60A,59,0.23,2PTLA,68
478,2PTLA-F26A,25,3.12,2PTLA,68
479,2PTLA-F26L,25,0.68,2PTLA,68
480,2PTLA-F36A,35,4.15,2PTLA,68
481,2PTLA-F36L,35,3.12,2PTLA,68
482,2PTLA-F40G,39,3.08,2PTLA,68
483,2PTLA-F40L,39,0.38,2PTLA,68
484,2PTLA-F76L,75,3.34,2PTLA,68
485,2PTLA-F76V,75,3.73,2PTLA,68
486,2PTLA-G29A,28,1.52,2PTLA,68
487,2PTLA-G29V,28,2.53,2PTLA,68
488,2PTLA-G38A,37,2.08,2PTLA,68
489,2PTLA-G59A,58,2.23,2PTLA,68
490,2PTLA-G69A,68,2.04,2PTLA,68
491,2PTLA-I20A,19,4.9,2PTLA,68
492,2PTLA-I20V,19,0.56,2PTLA,68
493,2PTLA-I25A,24,1.37,2PTLA,68
494,2PTLA-I25V,24,0.47,2PTLA,68
495,2PTLA-I74A,73,4.72,2PTLA,68
496,2PTLA-I74V,73,1.69,2PTLA,68
497,2PTLA-K21A,20,0.92,2PTLA,68
498,2PTLA-K37A,36,0.88,2PTLA,68
499,2PTLA-K42G,41,-0.16,2PTLA,68
500,2PTLA-K55A,54,-0.58,2PTLA,68
501,2PTLA-K56A,55,-0.35,2PTLA,68
502,2PTLA-K68A,67,0.09,2PTLA,68
503,2PTLA-K75A,74,0.45,2PTLA,68
504,2PTLA-L24A,23,3.12,2PTLA,68
505,2PTLA-L54A,53,2.44,2PTLA,68
506,2PTLA-L72A,71,3.77,2PTLA,68
507,2PTLA-N23A,22,1.87,2PTLA,68
508,2PTLA-N28A,27,1.78,2PTLA,68
509,2PTLA-N58A,57,0.34,2PTLA,68
510,2PTLA-N73A,72,1.73,2PTLA,68
511,2PTLA-S30A,29,0.3,2PTLA,68
512,2PTLA-S45A,44,-0.41,2PTLA,68
513,2PTLA-S45G,44,0.82,2PTLA,68
514,2PTLA-T19A,18,1.63,2PTLA,68
515,2PTLA-T31A,30,1.17,2PTLA,68
516,2PTLA-T33A,32,1.11,2PTLA,68
517,2PTLA-T39A,38,1.25,2PTLA,68
518,2PTLA-T44A,43,1.09,2PTLA,68
519,2PTLA-T53G,52,0.17,2PTLA,68
520,2PTLA-T62A,61,0.97,2PTLA,68
521,2PTLA-T71A,70,1.83,2PTLA,68
522,2PTLA-V18A,17,1.22,2PTLA,68
523,2PTLA-V63A,62,0.92,2PTLA,68
524,2PTLA-V65A,64,1.14,2PTLA,68
525,2PTLA-Y48A,47,2.82,2PTLA,68
526,2PTLA-Y50A,49,2.46,2PTLA,68
527,2PTLA-Y70A,69,1.66,2PTLA,68
528,2PTLA-Y70L,69,-0.43,2PTLA,68
