mutated,wild_type,structure,pos,ddg
RRVIGMPSVRKYAREKGVDIRLVQGTGKNGRVLKEDIDAFLAG,RRVIAMPSVRKYAREKGVDIRLVQGTGKNGRVLKEDIDAFLAG,ddddedpvqvvvcvvvpnpvvpffqddppryrdnvssvvvvvd,4,1.7
RRVIAMPSVRKYGREKGVDIRLVQGTGKNGRVLKEDIDAFLAG,RRVIAMPSVRKYAREKGVDIRLVQGTGKNGRVLKEDIDAFLAG,ddddedpvqvvvcvvvpnpvvpffqddppryrdnvssvvvvvd,12,2.3
RRVIAMPSVRKYAREKGVDIRLVQGTGKNGRVLKEDIDGFLAG,RRVIAMPSVRKYAREKGVDIRLVQGTGKNGRVLKEDIDAFLAG,ddddedpvqvvvcvvvpnpvvpffqddppryrdnvssvvvvvd,38,0.9
RRVIAMPSVRKYAREKGVDIRLVQGTGKNGRVLKEDIDAFLGG,RRVIAMPSVRKYAREKGVDIRLVQGTGKNGRVLKEDIDAFLAG,ddddedpvqvvvcvvvpnpvvpffqddppryrdnvssvvvvvd,41,0.3
RRVIAMPSVRKYAREKGVAIRLVQGTGKNGRVLKEDIDAFLAG,RRVIAMPSVRKYAREKGVDIRLVQGTGKNGRVLKEDIDAFLAG,ddddedpvqvvvcvvvpnpvvpffqddppryrdnvssvvvvvd,18,2.1
RRVIAMPSVRKYAREKGVNIRLVQGTGKNGRVLKEDIDAFLAG,RRVIAMPSVRKYAREKGVDIRLVQGTGKNGRVLKEDIDAFLAG,ddddedpvqvvvcvvvpnpvvpffqddppryrdnvssvvvvvd,18,0.9
RRVIAMPSVRKYAREKGVDIRLVQGTGKNGRVLKENIDAFLAG,RRVIAMPSVRKYAREKGVDIRLVQGTGKNGRVLKEDIDAFLAG,ddddedpvqvvvcvvvpnpvvpffqddppryrdnvssvvvvvd,35,2.0
RRVIAMPSVRKYAREKGVDIRLVQGTGKNGRVLKEDIAAFLAG,RRVIAMPSVRKYAREKGVDIRLVQGTGKNGRVLKEDIDAFLAG,ddddedpvqvvvcvvvpnpvvpffqddppryrdnvssvvvvvd,37,2.3
RRVIAMPSVRKYAREKGVDIRLVQGTGKNGRVLKEDIGAFLAG,RRVIAMPSVRKYAREKGVDIRLVQGTGKNGRVLKEDIDAFLAG,ddddedpvqvvvcvvvpnpvvpffqddppryrdnvssvvvvvd,37,3.7
RRVIAMPSVRKYAREKGVDIRLVQGTGKNGRVLKEDINAFLAG,RRVIAMPSVRKYAREKGVDIRLVQGTGKNGRVLKEDIDAFLAG,ddddedpvqvvvcvvvpnpvvpffqddppryrdnvssvvvvvd,37,1.9
RRVIAMPSVRKYARAKGVDIRLVQGTGKNGRVLKEDIDAFLAG,RRVIAMPSVRKYAREKGVDIRLVQGTGKNGRVLKEDIDAFLAG,ddddedpvqvvvcvvvpnpvvpffqddppryrdnvssvvvvvd,14,0.7
RRVIAMPSVRKYARQKGVDIRLVQGTGKNGRVLKEDIDAFLAG,RRVIAMPSVRKYAREKGVDIRLVQGTGKNGRVLKEDIDAFLAG,ddddedpvqvvvcvvvpnpvvpffqddppryrdnvssvvvvvd,14,0.4
RRVAAMPSVRKYAREKGVDIRLVQGTGKNGRVLKEDIDAFLAG,RRVIAMPSVRKYAREKGVDIRLVQGTGKNGRVLKEDIDAFLAG,ddddedpvqvvvcvvvpnpvvpffqddppryrdnvssvvvvvd,3,0.7
RRVGAMPSVRKYAREKGVDIRLVQGTGKNGRVLKEDIDAFLAG,RRVIAMPSVRKYAREKGVDIRLVQGTGKNGRVLKEDIDAFLAG,ddddedpvqvvvcvvvpnpvvpffqddppryrdnvssvvvvvd,3,1.4
RRVVAMPSVRKYAREKGVDIRLVQGTGKNGRVLKEDIDAFLAG,RRVIAMPSVRKYAREKGVDIRLVQGTGKNGRVLKEDIDAFLAG,ddddedpvqvvvcvvvpnpvvpffqddppryrdnvssvvvvvd,3,0.2
RRVIAMPSVRKYAREKGVDARLVQGTGKNGRVLKEDIDAFLAG,RRVIAMPSVRKYAREKGVDIRLVQGTGKNGRVLKEDIDAFLAG,ddddedpvqvvvcvvvpnpvvpffqddppryrdnvssvvvvvd,19,2.7
RRVIAMPSVRKYAREKGVDVRLVQGTGKNGRVLKEDIDAFLAG,RRVIAMPSVRKYAREKGVDIRLVQGTGKNGRVLKEDIDAFLAG,ddddedpvqvvvcvvvpnpvvpffqddppryrdnvssvvvvvd,19,1.2
RRVIAMPSVRKYAREKGVDIRLVQGTGKNGRVLKEDVDAFLAG,RRVIAMPSVRKYAREKGVDIRLVQGTGKNGRVLKEDIDAFLAG,ddddedpvqvvvcvvvpnpvvpffqddppryrdnvssvvvvvd,36,0.5
RRVIAMPSVRKYAREKGVDIRLVQGTGKNGRVAKEDIDAFLAG,RRVIAMPSVRKYAREKGVDIRLVQGTGKNGRVLKEDIDAFLAG,ddddedpvqvvvcvvvpnpvvpffqddppryrdnvssvvvvvd,32,2.0
RRVIAMPSVRKYAREKGVDIRLVQGTGKNGRVGKEDIDAFLAG,RRVIAMPSVRKYAREKGVDIRLVQGTGKNGRVLKEDIDAFLAG,ddddedpvqvvvcvvvpnpvvpffqddppryrdnvssvvvvvd,32,1.9
RRVIAMPSVRKYAREKGVDIRLVQGTGKNGRVVKEDIDAFLAG,RRVIAMPSVRKYAREKGVDIRLVQGTGKNGRVLKEDIDAFLAG,ddddedpvqvvvcvvvpnpvvpffqddppryrdnvssvvvvvd,32,0.6
RRVIAMPSVRKYAREKGVDIRLVQGTGKNGRVLKEDIDAFAAG,RRVIAMPSVRKYAREKGVDIRLVQGTGKNGRVLKEDIDAFLAG,ddddedpvqvvvcvvvpnpvvpffqddppryrdnvssvvvvvd,40,1.2
RRVIAMPSVRKYAREKGVDIRLVQGTGKNGRVLKEDIDAFVAG,RRVIAMPSVRKYAREKGVDIRLVQGTGKNGRVLKEDIDAFLAG,ddddedpvqvvvcvvvpnpvvpffqddppryrdnvssvvvvvd,40,0.2
RRAIAMPSVRKYAREKGVDIRLVQGTGKNGRVLKEDIDAFLAG,RRVIAMPSVRKYAREKGVDIRLVQGTGKNGRVLKEDIDAFLAG,ddddedpvqvvvcvvvpnpvvpffqddppryrdnvssvvvvvd,2,0.7
RRGIAMPSVRKYAREKGVDIRLVQGTGKNGRVLKEDIDAFLAG,RRVIAMPSVRKYAREKGVDIRLVQGTGKNGRVLKEDIDAFLAG,ddddedpvqvvvcvvvpnpvvpffqddppryrdnvssvvvvvd,2,1.0
RRVIAMPSARKYAREKGVDIRLVQGTGKNGRVLKEDIDAFLAG,RRVIAMPSVRKYAREKGVDIRLVQGTGKNGRVLKEDIDAFLAG,ddddedpvqvvvcvvvpnpvvpffqddppryrdnvssvvvvvd,8,1.5
RRVIAMPSVRKYAREKGADIRLVQGTGKNGRVLKEDIDAFLAG,RRVIAMPSVRKYAREKGVDIRLVQGTGKNGRVLKEDIDAFLAG,ddddedpvqvvvcvvvpnpvvpffqddppryrdnvssvvvvvd,17,2.0
RRVIAMPSVRKYAREKGVDIRLAQGTGKNGRVLKEDIDAFLAG,RRVIAMPSVRKYAREKGVDIRLVQGTGKNGRVLKEDIDAFLAG,ddddedpvqvvvcvvvpnpvvpffqddppryrdnvssvvvvvd,22,2.8
RRVIAMPSVRKYAREKGVDIRLGQGTGKNGRVLKEDIDAFLAG,RRVIAMPSVRKYAREKGVDIRLVQGTGKNGRVLKEDIDAFLAG,ddddedpvqvvvcvvvpnpvvpffqddppryrdnvssvvvvvd,22,4.1
RRVIAMPSVRKYAREKGVDIRLVQGTGKNGRALKEDIDAFLAG,RRVIAMPSVRKYAREKGVDIRLVQGTGKNGRVLKEDIDAFLAG,ddddedpvqvvvcvvvpnpvvpffqddppryrdnvssvvvvvd,31,3.2
RRVIAMPSVRKFAREKGVDIRLVQGTGKNGRVLKEDIDAFLAG,RRVIAMPSVRKYAREKGVDIRLVQGTGKNGRVLKEDIDAFLAG,ddddedpvqvvvcvvvpnpvvpffqddppryrdnvssvvvvvd,11,2.0
